date,lok_sabha,session,pdf_url
2026-04-18,18,VII,https://sansad.in/getFile/dms/fetch/5a48ed64-b2ed-4a46-8942-78ed0d26f57d?source=dsp2
2026-04-17,18,VII,https://sansad.in/getFile/dms/fetch/4b8a6503-ad13-4b09-b0b2-62cf622d4c8f?source=dsp2
2026-04-16,18,VII,https://sansad.in/getFile/dms/fetch/acb60f9d-e9fa-4453-b855-bcb90cf35fce?source=dsp2
2026-04-02,18,VII,
2026-04-01,18,VII,
2026-03-30,18,VII,
2026-03-27,18,VII,
2026-03-25,18,VII,
2026-03-24,18,VII,
2026-03-23,18,VII,
2026-03-18,18,VII,https://sansad.in/getFile/dms/fetch/d25da190-7d43-4c33-8a2a-2e15afe08dc2?source=dsp2
2026-03-17,18,VII,https://sansad.in/getFile/dms/fetch/5c418587-d7d0-4714-91cc-7d9a2b4d5d35?source=dsp2
2026-03-16,18,VII,
2026-03-13,18,VII,
2026-03-12,18,VII,
2026-03-11,18,VII,https://sansad.in/getFile/dms/fetch/ce81aad2-f65b-4824-a95e-0738ef8b04e8?source=dsp2
2026-03-10,18,VII,https://sansad.in/getFile/dms/fetch/20196fe6-a1df-4c88-84c6-f20be96385a7?source=dsp2
2026-03-09,18,VII,https://sansad.in/getFile/dms/fetch/4c6b22f0-fae4-4592-8ce3-e7f66c070162?source=dsp2
2026-02-13,18,VII,https://sansad.in/getFile/dms/fetch/9f20a7b7-8f8c-442b-937c-0263af37cffc?source=dsp2
2026-02-12,18,VII,https://sansad.in/getFile/dms/fetch/e0df0992-60b1-4260-a6f5-2c51ea361a33?source=dsp2
2026-02-11,18,VII,https://sansad.in/getFile/dms/fetch/56bbdf29-aaac-4e6c-98dc-b6a5ec2171c5?source=dsp2
2026-02-10,18,VII,https://sansad.in/getFile/dms/fetch/085ebe1e-8882-4b36-94f1-d18d947f49cf?source=dsp2
2026-02-09,18,VII,https://sansad.in/getFile/dms/fetch/589aa776-e169-4bb7-80b1-42db3e6bb610?source=dsp2
2026-02-06,18,VII,https://sansad.in/getFile/dms/fetch/38f8e973-f630-40b3-b1c6-8089b18cc6f1?source=dsp2
2026-02-05,18,VII,https://sansad.in/getFile/dms/fetch/99468fd3-16f7-4251-bffe-1d8ec9a08582?source=dsp2
2026-02-04,18,VII,https://sansad.in/getFile/dms/fetch/93aa4db4-6e6c-4086-85d5-f3f0a2845ec0?source=dsp2
2026-02-03,18,VII,https://sansad.in/getFile/dms/fetch/773093b3-9563-4c4c-87ed-fbe4cc459282?source=dsp2
2026-02-02,18,VII,https://sansad.in/getFile/dms/fetch/f72cf914-7e83-4cf8-942a-b47744080ae8?source=dsp2
2026-02-01,18,VII,https://sansad.in/getFile/dms/fetch/0bceb647-d369-439c-a48e-9087e9f6b6a8?source=dsp2
2026-01-29,18,VII,https://sansad.in/getFile/dms/fetch/d758e3ed-a7b3-4c88-8fb3-e45b4fcf950a?source=dsp2
2026-01-28,18,VII,https://sansad.in/getFile/dms/fetch/5aed2cd8-457a-4409-bf6c-810d2af4b35f?source=dsp2
2025-12-19,18,VI,https://sansad.in/getFile/dms/fetch/b189142a-7b50-49f4-8327-3279897c2082?source=dsp2
2025-12-18,18,VI,https://sansad.in/getFile/dms/fetch/2d70423a-473f-43bf-ad08-2c5b421c538f?source=dsp2
2025-12-17,18,VI,https://sansad.in/getFile/dms/fetch/1f68ab57-0314-4ec5-b792-573663479fca?source=dsp2
2025-12-16,18,VI,https://sansad.in/getFile/dms/fetch/b30ac97d-ca27-47ee-9908-97282dbfe491?source=dsp2
2025-12-15,18,VI,https://sansad.in/getFile/dms/fetch/631f3605-ca6e-4bd4-ad51-c59c3d15093a?source=dsp2
2025-12-12,18,VI,https://sansad.in/getFile/dms/fetch/bb26635f-bc1f-4fac-8b9a-736d1b781c6d?source=dsp2
2025-12-11,18,VI,https://sansad.in/getFile/dms/fetch/50a6fa0d-b694-4f15-a650-3f70910a77de?source=dsp2
2025-12-10,18,VI,https://sansad.in/getFile/dms/fetch/c6599d4f-26bc-4049-b506-084ce9e21b1f?source=dsp2
2025-12-09,18,VI,https://sansad.in/getFile/dms/fetch/00807867-dff2-4462-aefd-1e80193d5577?source=dsp2
2025-12-08,18,VI,https://sansad.in/getFile/dms/fetch/5b5eeb0c-6609-4ab6-91ed-2079285363ff?source=dsp2
2025-12-05,18,VI,https://sansad.in/getFile/dms/fetch/30b1e4fb-0116-44ea-938b-96dfe3ed54a6?source=dsp2
2025-12-04,18,VI,https://sansad.in/getFile/dms/fetch/30402760-e8d1-44fa-bef2-03a1dd3cc668?source=dsp2
2025-12-03,18,VI,https://sansad.in/getFile/dms/fetch/bd93611d-0862-447f-9d6c-c9d44ac82c91?source=dsp2
2025-12-02,18,VI,https://sansad.in/getFile/dms/fetch/3f3777b2-3083-4c97-b8dc-f26b83863f35?source=dsp2
2025-12-01,18,VI,https://sansad.in/getFile/dms/fetch/8371dbe2-c51d-4fce-a84a-1841cf00f0c3?source=dsp2
2025-08-21,18,V,https://sansad.in/getFile/dms/fetch/93f18f1c-5369-49c3-a1b6-5d403a9fa33b?source=dsp2
2025-08-20,18,V,https://sansad.in/getFile/dms/fetch/38e3bd9f-85c0-4ce8-9a46-0c2f6dbe1439?source=dsp2
2025-08-19,18,V,https://sansad.in/getFile/dms/fetch/daf3ca6d-ceac-4471-b69e-56cb37889cd0?source=dsp2
2025-08-18,18,V,https://sansad.in/getFile/dms/fetch/ae92457e-9552-4c5c-9878-07d88732a2b2?source=dsp2
2025-08-12,18,V,https://sansad.in/getFile/dms/fetch/7a196484-a52f-4ea8-ad5d-a1363b588c47?source=dsp2
2025-08-11,18,V,https://sansad.in/getFile/dms/fetch/3f8c7c6d-7763-445e-bbd7-39c39bc86e97?source=dsp2
2025-08-08,18,V,https://sansad.in/getFile/dms/fetch/a3ce6446-3c26-48bf-9656-25a8b932478f?source=dsp2
2025-08-07,18,V,https://sansad.in/getFile/dms/fetch/8e0596ee-8366-4c97-9650-cb514df42dd8?source=dsp2
2025-08-06,18,V,https://sansad.in/getFile/dms/fetch/c3eb692b-fc17-4d28-954b-aee7ca3be729?source=dsp2
2025-08-05,18,V,https://sansad.in/getFile/dms/fetch/e507d4e1-e255-471f-8c73-d13ec700e373?source=dsp2
2025-08-04,18,V,https://sansad.in/getFile/dms/fetch/a55dc954-c934-4ae0-ac3c-64b671f3015a?source=dsp2
2025-08-01,18,V,https://sansad.in/getFile/dms/fetch/a2510547-fff9-4750-a393-396fe4b8d049?source=dsp2
2025-07-31,18,V,https://sansad.in/getFile/dms/fetch/5f41645b-585a-4d10-a987-0aa3d0fe02bb?source=dsp2
2025-07-30,18,V,https://sansad.in/getFile/dms/fetch/c3c95706-65c8-4d02-80eb-210892b6e608?source=dsp2
2025-07-29,18,V,https://sansad.in/getFile/dms/fetch/3a912f66-faf2-4a4e-8b32-48bc736dd518?source=dsp2
2025-07-28,18,V,https://sansad.in/getFile/dms/fetch/066c7afa-97c8-44f0-adbe-f63e6405bbb2?source=dsp2
2025-07-25,18,V,https://sansad.in/getFile/dms/fetch/0e0a0e32-c179-4b8d-a4e6-aba88a9a2eb6?source=dsp2
2025-07-24,18,V,https://sansad.in/getFile/dms/fetch/9ad069eb-d4f1-4a65-97bd-fc2a810a2e26?source=dsp2
2025-07-23,18,V,https://sansad.in/getFile/dms/fetch/fb2eef29-730d-4ad6-952e-dd40cc8c254f?source=dsp2
2025-07-22,18,V,https://sansad.in/getFile/dms/fetch/8b07e631-8696-4769-be22-6912563f49a1?source=dsp2
2025-07-21,18,V,https://sansad.in/getFile/dms/fetch/7e4acf8a-c853-4c63-ad1a-7655a4747ef4?source=dsp2
2025-04-04,18,IV,https://sansad.in/getFile/dms/fetch/4493d172-e132-4d9d-a0b9-d1fea0e247c3?source=dsp2
2025-04-03,18,IV,https://sansad.in/getFile/dms/fetch/f9f4b57a-7897-475f-a894-c5a03d3ec84b?source=dsp2
2025-04-02,18,IV,https://sansad.in/getFile/dms/fetch/6d6cf308-12fd-480b-b96e-91447e9a3c7b?source=dsp2
2025-04-01,18,IV,https://sansad.in/getFile/dms/fetch/7194f85c-f900-4dc4-a241-9be03d686047?source=dsp2
2025-03-28,18,IV,https://sansad.in/getFile/dms/fetch/a6df2ccc-c2d8-4f10-b2eb-128713aceb6a?source=dsp2
2025-03-27,18,IV,https://sansad.in/getFile/dms/fetch/2cbb6a1e-7fe6-4f47-832a-f681292b50f5?source=dsp2
2025-03-26,18,IV,https://sansad.in/getFile/dms/fetch/47a6f01a-a9f1-4478-8ef3-9734e16401e0?source=dsp2
2025-03-25,18,IV,https://sansad.in/getFile/dms/fetch/31ead19c-956d-4cdf-9897-dbae97ceb8d6?source=dsp2
2025-03-24,18,IV,https://sansad.in/getFile/dms/fetch/a6ca3208-5ad6-4576-8630-491ee8019d39?source=dsp2
2025-03-21,18,IV,https://sansad.in/getFile/dms/fetch/b29f9f18-b180-417b-94b9-7dc2494cb560?source=dsp2
2025-03-20,18,IV,https://sansad.in/getFile/dms/fetch/72e87bc6-c166-4fa0-88a4-5806492eb831?source=dsp2
2025-03-19,18,IV,https://sansad.in/getFile/dms/fetch/f5241101-729b-426c-bf51-59db68af85a8?source=dsp2
2025-03-18,18,IV,https://sansad.in/getFile/dms/fetch/b4b4b56e-f217-4f7e-9309-8457316bfb1a?source=dsp2
2025-03-17,18,IV,https://sansad.in/getFile/dms/fetch/968cbcc5-f7eb-4d37-9b32-247670a672b1?source=dsp2
2025-03-13,18,IV,
2025-03-12,18,IV,https://sansad.in/getFile/dms/fetch/2487c0f1-1231-49ee-8835-dc3fc8e157a4?source=dsp2
2025-03-11,18,IV,https://sansad.in/getFile/dms/fetch/7653b321-f699-464a-937b-9a9a525c440e?source=dsp2
2025-03-10,18,IV,https://sansad.in/getFile/dms/fetch/7360330d-a5e5-4b51-ae25-72dc5cb17521?source=dsp2
2025-02-13,18,IV,https://sansad.in/getFile/dms/fetch/950c5672-d486-4dda-91f2-f1b524e50666?source=dsp2
2025-02-11,18,IV,https://sansad.in/getFile/dms/fetch/d5f281e2-70fe-44e1-a200-5f639c7b0f71?source=dsp2
2025-02-10,18,IV,https://sansad.in/getFile/dms/fetch/47a65c03-1ed6-449f-a410-17db4e4efa3e?source=dsp2
2025-02-07,18,IV,https://sansad.in/getFile/dms/fetch/82db826b-43ec-468a-acc7-f4a98a7d0f6d?source=dsp2
2025-02-06,18,IV,https://sansad.in/getFile/dms/fetch/79c134df-d41c-46f5-a23a-d4ab063a4265?source=dsp2
2025-02-04,18,IV,https://sansad.in/getFile/dms/fetch/2b36aee8-b56a-4178-8719-03263df483c6?source=dsp2
2025-02-03,18,IV,https://sansad.in/getFile/dms/fetch/cd8149e9-17f3-4cb6-b53b-f278a332eb55?source=dsp2
2025-02-01,18,IV,https://sansad.in/getFile/dms/fetch/a9068c00-8c09-479f-bb00-875828e6860f?source=dsp2
2025-01-31,18,IV,https://sansad.in/getFile/dms/fetch/30642aa7-d88e-41fa-9838-d31111745035?source=dsp2
2024-12-20,18,III,https://sansad.in/getFile/dms/fetch/d87b1be4-d1a4-43fa-964b-130d2e58b6ae?source=dsp2
2024-12-19,18,III,https://sansad.in/getFile/dms/fetch/f76c61ee-91e9-4221-94f4-26d7b8c78c75?source=dsp2
2024-12-18,18,III,https://sansad.in/getFile/dms/fetch/1027e7c1-2257-4adb-a949-264088370b1b?source=dsp2
2024-12-17,18,III,https://sansad.in/getFile/dms/fetch/89ebc283-e3f1-4108-b221-266fd5b2b0c3?source=dsp2
2024-12-16,18,III,https://sansad.in/getFile/dms/fetch/d3ccd4cc-afa7-440b-8481-681358c2cd33?source=dsp2
2024-12-14,18,III,https://sansad.in/getFile/dms/fetch/f212b444-3a17-4c64-b5d9-07fd9195eef1?source=dsp2
2024-12-13,18,III,https://sansad.in/getFile/dms/fetch/10969b0f-193f-4c27-85e2-dd1d05542b94?source=dsp2
2024-12-12,18,III,https://sansad.in/getFile/dms/fetch/ee205bc3-6246-4daf-a239-5816e2ab23b6?source=dsp2
2024-12-11,18,III,https://sansad.in/getFile/dms/fetch/c5e0bd5e-3582-462b-8108-42836f58ab1b?source=dsp2
2024-12-10,18,III,https://sansad.in/getFile/dms/fetch/655f3421-59f6-4215-ae60-558662df5dd9?source=dsp2
2024-12-09,18,III,https://sansad.in/getFile/dms/fetch/c238b6bd-f12c-4c23-a3a9-1ddfc56523b4?source=dsp2
2024-12-06,18,III,https://sansad.in/getFile/dms/fetch/570e0e8e-c5be-4c90-9fc5-c54ab5b38fa7?source=dsp2
2024-12-05,18,III,https://sansad.in/getFile/dms/fetch/99b50da6-df05-4aef-849f-53d2876c5d69?source=dsp2
2024-12-04,18,III,https://sansad.in/getFile/dms/fetch/4ac79659-c23a-4e3b-8a2c-719ad998fe65?source=dsp2
2024-12-03,18,III,https://sansad.in/getFile/dms/fetch/14db3b20-f3db-4e92-8757-835ec5e53402?source=dsp2
2024-12-02,18,III,https://sansad.in/getFile/dms/fetch/89587eb7-cb79-46a1-af54-a1a72133e7a3?source=dsp2
2024-11-29,18,III,https://sansad.in/getFile/dms/fetch/2697f9c0-5dcc-4065-8a88-a573c19d57ec?source=dsp2
2024-11-28,18,III,https://sansad.in/getFile/dms/fetch/5664e679-d243-41e0-9a43-67e0f27ffcb5?source=dsp2
2024-11-27,18,III,https://sansad.in/getFile/dms/fetch/35a48de3-9c98-46a1-873e-f96a3ff8c0d7?source=dsp2
2024-11-25,18,III,https://sansad.in/getFile/dms/fetch/a7c1d31c-896f-466c-92f0-a152aa717e81?source=dsp2
2024-08-09,18,II,https://sansad.in/getFile/dms/fetch/135ec075-fd4b-479d-8bdc-f3b1c876a911?source=dsp2
2024-08-08,18,II,https://sansad.in/getFile/dms/fetch/ec27ad3b-2fec-460e-848c-e20bd20aac39?source=dsp2
2024-08-07,18,II,https://sansad.in/getFile/dms/fetch/b99ef6ff-b0de-41c2-9a69-44e36251aeb2?source=dsp2
2024-08-06,18,II,https://sansad.in/getFile/dms/fetch/02cc4b6a-a054-419b-9aca-e3c0541324d3?source=dsp2
2024-08-05,18,II,https://sansad.in/getFile/dms/fetch/64035623-0f7e-4b82-b15b-cd685cdb5757?source=dsp2
2024-08-02,18,II,https://sansad.in/getFile/dms/fetch/45f2de0f-c0c7-4b37-8fce-5aa289c4752d?source=dsp2
2024-08-01,18,II,https://sansad.in/getFile/dms/fetch/6898138f-56d4-44db-9ef0-452d2e6b244d?source=dsp2
2024-07-31,18,II,https://sansad.in/getFile/dms/fetch/4a63c4b4-f166-4219-8f35-c6f84ee5272f?source=dsp2
2024-07-30,18,II,https://sansad.in/getFile/dms/fetch/74948a8f-2635-4bc7-976f-7eb6c570320e?source=dsp2
2024-07-29,18,II,https://sansad.in/getFile/dms/fetch/ebd036be-9ad5-4310-94b5-00cccf49298c?source=dsp2
2024-07-26,18,II,https://sansad.in/getFile/dms/fetch/fd4e056e-ed6f-4a72-a21a-f29abda3ef96?source=dsp2
2024-07-25,18,II,https://sansad.in/getFile/dms/fetch/f57fa040-0aa3-4959-9a19-118c9b6dab00?source=dsp2
2024-07-24,18,II,https://sansad.in/getFile/dms/fetch/a452a995-3614-403d-be91-eb419eb9d012?source=dsp2
2024-07-23,18,II,https://sansad.in/getFile/dms/fetch/cb801dbb-4d1e-4789-ab4f-8f400d0e1275?source=dsp2
2024-07-22,18,II,https://sansad.in/getFile/dms/fetch/6175a623-e237-490c-be16-ec9b3818e01d?source=dsp2
2024-07-02,18,I,https://sansad.in/getFile/dms/fetch/5c0b4c1b-cddc-42b6-bf35-c7c2c5ac8f79?source=dsp2
2024-07-01,18,I,https://sansad.in/getFile/dms/fetch/15252616-1d32-488f-afef-896217cfb73d?source=dsp2
2024-06-28,18,I,https://sansad.in/getFile/dms/fetch/63cfe3e0-6688-46b2-903c-5c41b1461cb4?source=dsp2
2024-06-27,18,I,https://sansad.in/getFile/dms/fetch/f298f01e-79d2-446e-8388-adf5169c886b?source=dsp2
2024-06-26,18,I,https://sansad.in/getFile/dms/fetch/69dc43ca-aa0b-456a-9b72-5a66387c2452?source=dsp2
2024-06-25,18,I,https://sansad.in/getFile/dms/fetch/607b1f5f-2e51-4c6b-bd49-ce5f25c7f861?source=dsp2
2024-06-24,18,I,https://sansad.in/getFile/dms/fetch/7f10d591-e8ce-446d-8ec0-43c75034c635?source=dsp2
2024-02-10,17,XV,https://sansad.in/getFile/dms/fetch/a46f4547-91e6-486f-a4f6-b237731d01b0?source=dsp2
2024-02-09,17,XV,https://sansad.in/getFile/dms/fetch/eb4edcfe-1963-441c-982e-34c35b61b058?source=dsp2
2024-02-08,17,XV,https://sansad.in/getFile/dms/fetch/8b7b9e9b-94fc-4769-9544-e031253fb3c8?source=dsp2
2024-02-07,17,XV,https://sansad.in/getFile/dms/fetch/d8ec7843-aebc-4091-9779-931d173a0a61?source=dsp2
2024-02-06,17,XV,https://sansad.in/getFile/dms/fetch/d6fd219e-69e9-4276-ad98-e7475d0687d3?source=dsp2
2024-02-05,17,XV,https://sansad.in/getFile/dms/fetch/7459ba8d-fbd8-4847-8c75-9c1090a16744?source=dsp2
2024-02-02,17,XV,https://sansad.in/getFile/dms/fetch/b81a0a1e-b106-4adc-a5d9-6c6ed9c22b86?source=dsp2
2024-02-01,17,XV,https://sansad.in/getFile/dms/fetch/38a363b5-a51b-4b67-8851-794a61312f8e?source=dsp2
2024-01-31,17,XV,https://sansad.in/getFile/dms/fetch/c44c2d06-41e4-4584-a175-e2ab14da4f9b?source=dsp2
2023-12-21,17,XIV,https://sansad.in/getFile/dms/fetch/5fc0193f-d6f1-44c1-8772-9586c72b6d28?source=dsp2
2023-12-20,17,XIV,https://sansad.in/getFile/dms/fetch/f83a8499-e027-4a1a-aeb9-fe3099baa34c?source=dsp2
2023-12-19,17,XIV,https://sansad.in/getFile/dms/fetch/3c87c6d8-2b65-4b65-af78-b1ce15921470?source=dsp2
2023-12-18,17,XIV,https://sansad.in/getFile/dms/fetch/d00932de-20c6-441d-832d-cc6bc880e8cd?source=dsp2
2023-12-15,17,XIV,https://sansad.in/getFile/dms/fetch/0807c015-008c-4cec-8938-35a51e84f83e?source=dsp2
2023-12-14,17,XIV,https://sansad.in/getFile/dms/fetch/e6732c3f-df99-4fc1-bf78-d95ec61118e6?source=dsp2
2023-12-13,17,XIV,https://sansad.in/getFile/dms/fetch/5d85a9d4-d92e-42e7-82ef-5cc78ec99593?source=dsp2
2023-12-12,17,XIV,https://sansad.in/getFile/dms/fetch/f40c3148-3922-4806-9bc6-6b433b771634?source=dsp2
2023-12-11,17,XIV,https://sansad.in/getFile/dms/fetch/4012544b-c9d4-4234-bf9b-e353be8ef444?source=dsp2
2023-12-08,17,XIV,https://sansad.in/getFile/dms/fetch/825cf073-eb71-4ef5-a4f1-fec8f5109309?source=dsp2
2023-12-07,17,XIV,https://sansad.in/getFile/dms/fetch/0efb0103-14fd-427e-9820-bbb1646590ca?source=dsp2
2023-12-06,17,XIV,https://sansad.in/getFile/dms/fetch/b4193987-e08f-4de0-b52c-e5aeccbd4c56?source=dsp2
2023-12-05,17,XIV,https://sansad.in/getFile/dms/fetch/90611d1a-6e64-4442-96e8-9088524dac86?source=dsp2
2023-12-04,17,XIV,https://sansad.in/getFile/dms/fetch/3a5a2b94-7105-48f2-9c6a-dd4b222ec4b5?source=dsp2
2023-09-21,17,XIII,https://sansad.in/getFile/dms/fetch/f274a63e-1d07-411f-8299-42fdcb3040c2?source=dsp2
2023-09-20,17,XIII,https://sansad.in/getFile/dms/fetch/de295d72-cd1e-48ed-9098-963e4481a977?source=dsp2
2023-09-19,17,XIII,https://sansad.in/getFile/dms/fetch/4279cfee-ed46-4079-bdd3-22f51845d02e?source=dsp2
2023-09-18,17,XIII,https://sansad.in/getFile/dms/fetch/5016298a-7652-4017-9b36-7db181dc81b8?source=dsp2
2023-08-11,17,XII,https://sansad.in/getFile/dms/fetch/6d5bfea5-9a66-4cf7-b811-05aacd99e5f0?source=dsp2
2023-08-10,17,XII,https://sansad.in/getFile/dms/fetch/4bbb1856-50a5-48dd-9c6c-af391408f211?source=dsp2
2023-08-09,17,XII,https://sansad.in/getFile/dms/fetch/7eb7dc88-9525-4db1-8f96-3edd301a5efe?source=dsp2
2023-08-08,17,XII,https://sansad.in/getFile/dms/fetch/37c937f9-aeae-40e3-a8a4-2d1fc4471b0b?source=dsp2
2023-08-07,17,XII,https://sansad.in/getFile/dms/fetch/e5f4086d-bc9f-4289-b542-7821819051f3?source=dsp2
2023-08-04,17,XII,https://sansad.in/getFile/dms/fetch/12015a91-24cc-480a-b2f8-3444d887fba7?source=dsp2
2023-08-03,17,XII,https://sansad.in/getFile/dms/fetch/b2155201-26c0-4cbf-85fc-742452e6f56a?source=dsp2
2023-08-02,17,XII,https://sansad.in/getFile/dms/fetch/ffa015b8-a722-4a09-b62d-ab84e918b175?source=dsp2
2023-08-01,17,XII,https://sansad.in/getFile/dms/fetch/b03eb123-4260-498c-bdf9-5477338b80f1?source=dsp2
2023-07-31,17,XII,https://sansad.in/getFile/dms/fetch/1648c572-56fb-49e9-b4df-cfb9b1a16ab4?source=dsp2
2023-07-28,17,XII,https://sansad.in/getFile/dms/fetch/5b21dc11-df85-4420-8c22-9f851ff96626?source=dsp2
2023-07-27,17,XII,https://sansad.in/getFile/dms/fetch/84627dd0-dd53-497a-a9fa-f262ec29f436?source=dsp2
2023-07-26,17,XII,https://sansad.in/getFile/dms/fetch/8717feb5-8d48-40db-af3c-cfa08a021aa1?source=dsp2
2023-07-25,17,XII,https://sansad.in/getFile/dms/fetch/c3bf3ad6-833d-4542-adee-e19198032722?source=dsp2
2023-07-24,17,XII,https://sansad.in/getFile/dms/fetch/fe7ac74d-f5d4-4bcc-8c00-08e2e83dd245?source=dsp2
2023-07-21,17,XII,https://sansad.in/getFile/dms/fetch/75554c81-48c2-4a3f-b417-1a4399ba38a7?source=dsp2
2023-07-20,17,XII,https://sansad.in/getFile/dms/fetch/6035c6c0-2b12-4102-8722-aee27b54b0e0?source=dsp2
2023-04-06,17,XI,https://sansad.in/getFile/dms/fetch/f724a0dc-f8c4-42b4-b554-002af58576ba?source=dsp2
2023-04-05,17,XI,https://sansad.in/getFile/dms/fetch/639ecdb8-7313-4bcc-84e2-ee1401821c24?source=dsp2
2023-04-03,17,XI,https://sansad.in/getFile/dms/fetch/da0b0822-6906-497d-b972-539be8aae666?source=dsp2
2023-03-31,17,XI,
2023-03-29,17,XI,https://sansad.in/getFile/dms/fetch/b9837ec5-62ab-4f0e-a3dc-96b458005067?source=dsp2
2023-03-28,17,XI,https://sansad.in/getFile/dms/fetch/b3e2573a-b162-40fc-89f8-bea04781ce43?source=dsp2
2023-03-27,17,XI,https://sansad.in/getFile/dms/fetch/52cd3081-d293-4cd7-8e24-e6ce52030812?source=dsp2
2023-03-24,17,XI,https://sansad.in/getFile/dms/fetch/4a86158a-ceae-4477-a4da-9883d1c933d3?source=dsp2
2023-03-23,17,XI,https://sansad.in/getFile/dms/fetch/7f79db27-e427-4ad7-b88f-1892cd6e127e?source=dsp2
2023-03-22,17,XI,
2023-03-21,17,XI,https://sansad.in/getFile/dms/fetch/968059dc-614f-4aaa-a3f1-ff3e1e586291?source=dsp2
2023-03-20,17,XI,https://sansad.in/getFile/dms/fetch/3b21c371-1034-422c-ac01-dbc1fb338250?source=dsp2
2023-03-17,17,XI,https://sansad.in/getFile/dms/fetch/c6ef6b21-d732-48dd-8589-71f877b43389?source=dsp2
2023-03-16,17,XI,https://sansad.in/getFile/dms/fetch/8c9c0efa-8e0e-41aa-9a4c-6189029aa24e?source=dsp2
2023-03-15,17,XI,https://sansad.in/getFile/dms/fetch/ff2ff14c-66a2-4dcc-938b-4722f89058bb?source=dsp2
2023-03-14,17,XI,https://sansad.in/getFile/dms/fetch/4c7f956c-c742-45fb-b018-91e1fe472ec7?source=dsp2
2023-03-13,17,XI,https://sansad.in/getFile/dms/fetch/ed1333a1-9ffe-4219-a753-6a0fc1ac3cfa?source=dsp2
2023-02-13,17,XI,https://sansad.in/getFile/dms/fetch/25c573b5-da2d-46ee-9d7b-74d1d7d6f6b7?source=dsp2
2023-02-10,17,XI,https://sansad.in/getFile/dms/fetch/8ffaa364-ce8b-4e9d-b89f-739ad32eba84?source=dsp2
2023-02-09,17,XI,https://sansad.in/getFile/dms/fetch/0d686f9a-e386-4106-9416-ab3de3e67548?source=dsp2
2023-02-08,17,XI,https://sansad.in/getFile/dms/fetch/7aa97efa-3b93-461c-aabb-f005b38b77ff?source=dsp2
2023-02-07,17,XI,https://sansad.in/getFile/dms/fetch/97c72237-1568-449e-8a97-74f0da014001?source=dsp2
2023-02-06,17,XI,https://sansad.in/getFile/dms/fetch/d4c7b68a-7119-46f1-8a46-0bc0a395410b?source=dsp2
2023-02-03,17,XI,https://sansad.in/getFile/dms/fetch/aa4901d9-36d0-4747-858b-21638e89f2bb?source=dsp2
2023-02-02,17,XI,https://sansad.in/getFile/dms/fetch/1558679a-d263-45a0-a861-e2074a5456d8?source=dsp2
2023-02-01,17,XI,https://sansad.in/getFile/dms/fetch/9b6aca60-5201-4b4b-bcf2-e133ef7b6505?source=dsp2
2023-01-31,17,XI,https://sansad.in/getFile/dms/fetch/8e62a570-41b0-42c2-8303-e15cf7e6982c?source=dsp2
2022-12-23,17,X,https://sansad.in/getFile/dms/fetch/25c251ea-fd6a-4ad0-80e9-8254c695fa03?source=dsp2
2022-12-22,17,X,https://sansad.in/getFile/dms/fetch/edd2c52a-6001-4ef6-9d9f-392ceef1e981?source=dsp2
2022-12-21,17,X,https://sansad.in/getFile/dms/fetch/7c998885-b701-4bdc-8c8a-a91f87944333?source=dsp2
2022-12-20,17,X,https://sansad.in/getFile/dms/fetch/ee362f05-a935-422e-a6cb-8f99762aae7e?source=dsp2
2022-12-19,17,X,https://sansad.in/getFile/dms/fetch/1a817ed4-2b0f-4a80-a672-9cd0b6711e1c?source=dsp2
2022-12-16,17,X,https://sansad.in/getFile/dms/fetch/0c3770a3-8635-46fe-a439-0f65077b6c22?source=dsp2
2022-12-15,17,X,https://sansad.in/getFile/dms/fetch/ad43f667-bdad-4ffe-86a7-546bf198a587?source=dsp2
2022-12-14,17,X,https://sansad.in/getFile/dms/fetch/a9fa7647-3a94-4612-a0f4-f1b9a0895633?source=dsp2
2022-12-13,17,X,https://sansad.in/getFile/dms/fetch/1bdcae6e-7039-453b-8d90-09bc3b947f04?source=dsp2
2022-12-12,17,X,https://sansad.in/getFile/dms/fetch/ef2e6e0a-f421-468e-ab7f-da12886c8aa8?source=dsp2
2022-12-09,17,X,https://sansad.in/getFile/dms/fetch/a8975af2-b1a6-4c13-873a-e16d50c9b5c0?source=dsp2
2022-12-08,17,X,https://sansad.in/getFile/dms/fetch/00db73f1-f693-4627-bdae-c1bf3e8412fb?source=dsp2
2022-12-07,17,X,https://sansad.in/getFile/dms/fetch/314c1456-c7e2-4afd-8a51-3ad9ef82e2d6?source=dsp2
2022-08-08,17,IX,https://sansad.in/getFile/dms/fetch/c33f21ac-cf7a-473b-9950-65d5e150627a?source=dsp2
2022-08-05,17,IX,https://sansad.in/getFile/dms/fetch/004e6d90-949c-469f-a0ca-10b127d9a244?source=dsp2
2022-08-04,17,IX,https://sansad.in/getFile/dms/fetch/6809b0ed-3b80-4c49-be1b-2ffb9f20f7d6?source=dsp2
2022-08-03,17,IX,https://sansad.in/getFile/dms/fetch/714973f7-6305-4234-95c0-37e569b27b90?source=dsp2
2022-08-02,17,IX,https://sansad.in/getFile/dms/fetch/ff788fd8-6698-41e6-9216-2e7e8762aff7?source=dsp2
2022-08-01,17,IX,https://sansad.in/getFile/dms/fetch/ac1fc201-84c4-4983-bc97-5714f1919c49?source=dsp2
2022-07-29,17,IX,https://sansad.in/getFile/dms/fetch/6f3e2cc8-b6a4-4c5e-abd7-eb9fe1dfb491?source=dsp2
2022-07-28,17,IX,https://sansad.in/getFile/dms/fetch/0b24ff93-a904-4d05-8051-823cf6cedd23?source=dsp2
2022-07-27,17,IX,https://sansad.in/getFile/dms/fetch/76474096-830e-4ac4-a52b-1fd04d1ba032?source=dsp2
2022-07-26,17,IX,https://sansad.in/getFile/dms/fetch/38f0ca11-0f1b-45da-b409-511956efdd15?source=dsp2
2022-07-25,17,IX,https://sansad.in/getFile/dms/fetch/5fd9d7b6-ca73-449d-86f9-3c70e6ec635d?source=dsp2
2022-07-22,17,IX,https://sansad.in/getFile/dms/fetch/1ff175fd-5a27-4468-a3f1-7a179929df68?source=dsp2
2022-07-21,17,IX,https://sansad.in/getFile/dms/fetch/935ac095-3660-497c-9613-b21a8f1c8ded?source=dsp2
2022-07-20,17,IX,https://sansad.in/getFile/dms/fetch/670f9eef-3b8c-4837-87bb-654e3542ea02?source=dsp2
2022-07-19,17,IX,https://sansad.in/getFile/dms/fetch/d29d91a5-0781-4042-b161-9dd55e70d2e9?source=dsp2
2022-07-18,17,IX,https://sansad.in/getFile/dms/fetch/a91626a8-9b3c-4576-a40d-48817fb6cf74?source=dsp2
2022-04-07,17,VIII,https://sansad.in/getFile/dms/fetch/80c898c0-30e3-4847-be29-91b27cb90cb7?source=dsp2
2022-04-06,17,VIII,https://sansad.in/getFile/dms/fetch/053ce2a5-82d7-4493-82e5-90596a143e4d?source=dsp2
2022-04-05,17,VIII,https://sansad.in/getFile/dms/fetch/fe5f9830-1362-4d8e-aa48-8b936e8de7b5?source=dsp2
2022-04-04,17,VIII,https://sansad.in/getFile/dms/fetch/4c52a99c-5a12-4ea0-8e56-eca8b5e6c761?source=dsp2
2022-04-01,17,VIII,https://sansad.in/getFile/dms/fetch/6914f395-4c38-4b2a-8b05-dfe79992e954?source=dsp2
2022-03-31,17,VIII,https://sansad.in/getFile/dms/fetch/5c7327bb-2347-4541-b375-87e7ddf49ab8?source=dsp2
2022-03-30,17,VIII,https://sansad.in/getFile/dms/fetch/1f33ecec-2247-407c-b7b2-1290eb6f3e05?source=dsp2
2022-03-29,17,VIII,https://sansad.in/getFile/dms/fetch/8f4fded1-69b6-4669-95d3-bf820c6724a9?source=dsp2
2022-03-28,17,VIII,https://sansad.in/getFile/dms/fetch/c61b6439-7f0a-456c-94ab-276dfe666566?source=dsp2
2022-03-25,17,VIII,https://sansad.in/getFile/dms/fetch/80e7cfbf-3578-4e4e-a76f-e346b3509259?source=dsp2
2022-03-24,17,VIII,https://sansad.in/getFile/dms/fetch/4693177b-b348-4d39-b88c-0db54d715c82?source=dsp2
2022-03-23,17,VIII,https://sansad.in/getFile/dms/fetch/e455e24f-de7a-430f-8bdd-21f65a43db8e?source=dsp2
2022-03-22,17,VIII,https://sansad.in/getFile/dms/fetch/35eb77d9-990a-4922-bc7b-bd1499887c4e?source=dsp2
2022-03-21,17,VIII,https://sansad.in/getFile/dms/fetch/46e0a17c-25a0-4f68-89a9-d3a380ffc916?source=dsp2
2022-03-17,17,VIII,
2022-03-16,17,VIII,https://sansad.in/getFile/dms/fetch/84863562-5175-44e0-bda7-e7a8e65e7598?source=dsp2
2022-03-15,17,VIII,https://sansad.in/getFile/dms/fetch/8156efe8-5596-4522-b84c-2a32da57b959?source=dsp2
2022-03-14,17,VIII,https://sansad.in/getFile/dms/fetch/a45c0279-e0f0-4e4b-8c34-ec2e64b9b4b7?source=dsp2
2022-02-11,17,VIII,https://sansad.in/getFile/dms/fetch/7b6ebb9a-63c0-463f-8301-3b021ffd74d6?source=dsp2
2022-02-10,17,VIII,https://sansad.in/getFile/dms/fetch/0eb9da32-99cd-4292-ba53-1acff09b9b5f?source=dsp2
2022-02-09,17,VIII,https://sansad.in/getFile/dms/fetch/12b507e8-cdaf-4f23-8ce7-3e52df3bdcd8?source=dsp2
2022-02-08,17,VIII,https://sansad.in/getFile/dms/fetch/f07472f5-faa1-4fb1-9fb2-877e773755d6?source=dsp2
2022-02-07,17,VIII,https://sansad.in/getFile/dms/fetch/90c10b49-62b0-4518-a344-b9b353e26700?source=dsp2
2022-02-04,17,VIII,https://sansad.in/getFile/dms/fetch/ba3a2376-032d-4c6d-afb8-61dc26d0000a?source=dsp2
2022-02-03,17,VIII,https://sansad.in/getFile/dms/fetch/04f7482c-89ca-437f-b050-60f6df741165?source=dsp2
2022-02-02,17,VIII,https://sansad.in/getFile/dms/fetch/cb435377-ed83-43d0-b255-603b1fba865a?source=dsp2
2022-02-01,17,VIII,https://sansad.in/getFile/dms/fetch/cc48299b-fb09-4b1c-bf11-befd019b494c?source=dsp2
2022-01-31,17,VIII,https://sansad.in/getFile/dms/fetch/fa4d24e0-6e3f-4d77-9fba-fb08a76f0172?source=dsp2
2021-12-22,17,VII,https://sansad.in/getFile/dms/fetch/151a64e3-9464-43b8-a942-da6252bb81b6?source=dsp2
2021-12-21,17,VII,https://sansad.in/getFile/dms/fetch/5befc13f-57be-496a-b0ca-b16df45f67b1?source=dsp2
2021-12-20,17,VII,https://sansad.in/getFile/dms/fetch/a9656824-1dda-40a4-ac75-d90da444bcd6?source=dsp2
2021-12-17,17,VII,https://sansad.in/getFile/dms/fetch/6a5aae25-ecb2-4f1e-a6f0-0d122ed522d5?source=dsp2
2021-12-16,17,VII,https://sansad.in/getFile/dms/fetch/efda950a-21b1-48bb-882b-7d5478ab8ef3?source=dsp2
2021-12-15,17,VII,https://sansad.in/getFile/dms/fetch/e88ce25b-4dc3-44e7-8009-9d2ef2d0439f?source=dsp2
2021-12-14,17,VII,https://sansad.in/getFile/dms/fetch/89ed460c-f0b1-43cd-9ef1-8fbe7d066530?source=dsp2
2021-12-13,17,VII,https://sansad.in/getFile/dms/fetch/f0a8073f-bf52-4186-bbeb-e972f5b34152?source=dsp2
2021-12-10,17,VII,https://sansad.in/getFile/dms/fetch/16d52397-37a8-402f-9c77-29bb177d95b0?source=dsp2
2021-12-09,17,VII,https://sansad.in/getFile/dms/fetch/8145e932-73b0-4f00-b041-0eeb9e88892d?source=dsp2
2021-12-08,17,VII,https://sansad.in/getFile/dms/fetch/5d4c8eb5-65a3-44c7-88e5-2c25f451e9f6?source=dsp2
2021-12-07,17,VII,https://sansad.in/getFile/dms/fetch/6b8ad4de-7ac7-42a6-ae92-b0fa29c22cca?source=dsp2
2021-12-06,17,VII,https://sansad.in/getFile/dms/fetch/19ebfde2-e461-4922-87fd-38d183d9ac04?source=dsp2
2021-12-03,17,VII,https://sansad.in/getFile/dms/fetch/0098e0b3-953c-46ea-a73a-da2840e3a8c6?source=dsp2
2021-12-02,17,VII,https://sansad.in/getFile/dms/fetch/0585559b-d03c-4601-aa5c-0f7ee659bdae?source=dsp2
2021-12-01,17,VII,https://sansad.in/getFile/dms/fetch/4bcb101e-5fa9-40c7-b4b4-7f47fd750034?source=dsp2
2021-11-30,17,VII,https://sansad.in/getFile/dms/fetch/ed993a49-1c4b-45af-aad1-1bf676b2ad23?source=dsp2
2021-11-29,17,VII,https://sansad.in/getFile/dms/fetch/3ae17370-9992-489f-89dd-3e16ecfe5af0?source=dsp2
2021-08-12,17,VI,
2021-08-11,17,VI,https://sansad.in/getFile/dms/fetch/e92dbbd7-7e33-4dab-afad-06489083a1c9?source=dsp2
2021-08-10,17,VI,https://sansad.in/getFile/dms/fetch/2766e529-93db-42d6-a471-0ff2dcfb00c4?source=dsp2
2021-08-09,17,VI,https://sansad.in/getFile/dms/fetch/4346d97b-e5ce-43ec-b1ee-c879aff4a9cb?source=dsp2
2021-08-06,17,VI,https://sansad.in/getFile/dms/fetch/c96fd499-69fe-4142-8d54-1721b60013df?source=dsp2
2021-08-05,17,VI,https://sansad.in/getFile/dms/fetch/693235f4-d895-4196-a476-625d9bd51415?source=dsp2
2021-08-04,17,VI,https://sansad.in/getFile/dms/fetch/eee4dce9-004f-43d4-8c40-4a565df72a13?source=dsp2
2021-08-03,17,VI,https://sansad.in/getFile/dms/fetch/1a6fecd7-1a53-4f00-a19e-be46385045ab?source=dsp2
2021-08-02,17,VI,https://sansad.in/getFile/dms/fetch/77032cba-dc24-48fb-aee6-e4fd0eaf0c82?source=dsp2
2021-07-30,17,VI,https://sansad.in/getFile/dms/fetch/12845aed-694f-453a-a3fd-d917763b4042?source=dsp2
2021-07-29,17,VI,https://sansad.in/getFile/dms/fetch/e39f7d35-6bac-4535-b609-e52e45a470bb?source=dsp2
2021-07-28,17,VI,https://sansad.in/getFile/dms/fetch/124bbc34-c584-4ab1-93eb-2d67ab16a655?source=dsp2
2021-07-27,17,VI,https://sansad.in/getFile/dms/fetch/75dc0d4d-2e6c-4927-9379-d21a046e4933?source=dsp2
2021-07-26,17,VI,https://sansad.in/getFile/dms/fetch/0d081e3f-602d-4d14-a4fa-0d7da456c13b?source=dsp2
2021-07-23,17,VI,https://sansad.in/getFile/dms/fetch/3cee4cd1-55b7-4649-8083-1e78fe075ee6?source=dsp2
2021-07-22,17,VI,https://sansad.in/getFile/dms/fetch/ab91396f-e64e-47ac-8466-87020975b420?source=dsp2
2021-07-20,17,VI,https://sansad.in/getFile/dms/fetch/cbdc526d-01ae-4b09-9b85-2fa429330392?source=dsp2
2021-07-19,17,VI,https://sansad.in/getFile/dms/fetch/837eb1e8-e7e9-4ddf-9500-1f1c5e442eab?source=dsp2
2021-03-25,17,V,https://sansad.in/getFile/dms/fetch/6a68c24a-926c-4d82-a0c1-317499317e8f?source=dsp2
2021-03-24,17,V,https://sansad.in/getFile/dms/fetch/f49750b9-cf05-4748-b44c-ec714244fc8c?source=dsp2
2021-03-23,17,V,https://sansad.in/getFile/dms/fetch/dc03a931-8553-4d3b-8ffd-f7d3b976ea7d?source=dsp2
2021-03-22,17,V,https://sansad.in/getFile/dms/fetch/2138f841-c052-4012-9aa5-09b899f7cc24?source=dsp2
2021-03-19,17,V,https://sansad.in/getFile/dms/fetch/bba670b7-b1b9-4df7-9f62-b4f47f7a1951?source=dsp2
2021-03-18,17,V,https://sansad.in/getFile/dms/fetch/c0bb4517-dbc7-4e47-985c-f9c9d94f8ee0?source=dsp2
2021-03-17,17,V,https://sansad.in/getFile/dms/fetch/8be2e396-fa69-4c36-b025-f7d9072587c5?source=dsp2
2021-03-16,17,V,https://sansad.in/getFile/dms/fetch/b646f688-69a8-43df-8c93-f2768378a9ff?source=dsp2
2021-03-15,17,V,https://sansad.in/getFile/dms/fetch/e572517e-c15f-4955-9059-ba1d2a53e3ff?source=dsp2
2021-03-12,17,V,
2021-03-10,17,V,https://sansad.in/getFile/dms/fetch/74caf2d7-1381-4ae4-a09c-52e1ed6d6487?source=dsp2
2021-03-09,17,V,https://sansad.in/getFile/dms/fetch/d7c1f5bb-83fe-4151-a29f-a1407b340fd2?source=dsp2
2021-03-08,17,V,https://sansad.in/getFile/dms/fetch/f2bdd50a-e0da-4ba3-94c6-b46f6d49b294?source=dsp2
2021-02-13,17,V,https://sansad.in/getFile/dms/fetch/30876b9d-4dfd-4254-84f8-79d98e8b35ee?source=dsp2
2021-02-12,17,V,https://sansad.in/getFile/dms/fetch/0962dcff-a16a-40ea-8140-49067cc7221c?source=dsp2
2021-02-11,17,V,https://sansad.in/getFile/dms/fetch/7f1dafd8-429a-46ee-8727-9bcf5fba3edc?source=dsp2
2021-02-10,17,V,https://sansad.in/getFile/dms/fetch/8aebf3e6-a4f4-42dd-877d-d34fd3422395?source=dsp2
2021-02-09,17,V,https://sansad.in/getFile/dms/fetch/09933abf-601a-4a19-beb9-75b86f0ec411?source=dsp2
2021-02-08,17,V,https://sansad.in/getFile/dms/fetch/f73e2f03-6e3e-4ba1-9314-e1a0b4bc57e0?source=dsp2
2021-02-05,17,V,https://sansad.in/getFile/dms/fetch/45e36962-6d22-4fca-b7c8-c471537add36?source=dsp2
2021-02-04,17,V,https://sansad.in/getFile/dms/fetch/b607f9e1-654f-4fdb-8b6b-32dd93591f9d?source=dsp2
2021-02-03,17,V,https://sansad.in/getFile/dms/fetch/8d84a0c8-029f-4f14-baf2-700cc8c406a3?source=dsp2
2021-02-02,17,V,https://sansad.in/getFile/dms/fetch/6f68b9f8-8264-43a8-98b6-2e2052698c30?source=dsp2
2021-02-01,17,V,https://sansad.in/getFile/dms/fetch/28b30247-5b0a-4370-add4-6b759ae4f6a3?source=dsp2
2021-01-29,17,V,https://sansad.in/getFile/dms/fetch/7f8c520f-8c33-4932-b0fb-7478cc7b0099?source=dsp2
2020-09-23,17,IV,https://sansad.in/getFile/dms/fetch/636da954-0d0f-421b-9ce7-97efad12656e?source=dsp2
2020-09-22,17,IV,https://sansad.in/getFile/dms/fetch/125ee927-c5a5-4685-a5c8-8e88adfc109e?source=dsp2
2020-09-21,17,IV,https://sansad.in/getFile/dms/fetch/248cc256-067b-461a-9936-892a24ecda45?source=dsp2
2020-09-20,17,IV,https://sansad.in/getFile/dms/fetch/3b45d91c-3cc2-4ba5-98d8-0ca1356b28a8?source=dsp2
2020-09-19,17,IV,https://sansad.in/getFile/dms/fetch/de058438-8387-410c-b27b-24afb7388f96?source=dsp2
2020-09-18,17,IV,https://sansad.in/getFile/dms/fetch/6f054f08-4282-42e7-a66e-0d08e4726fbe?source=dsp2
2020-09-17,17,IV,https://sansad.in/getFile/dms/fetch/a6ad5f19-c9b1-4410-ac15-d5d903d83715?source=dsp2
2020-09-16,17,IV,https://sansad.in/getFile/dms/fetch/e8f68f72-ad5c-4a5c-9f83-5c33dfd38fa5?source=dsp2
2020-09-15,17,IV,https://sansad.in/getFile/dms/fetch/23313cc8-4a03-4dc9-b7ae-084f73db8dfa?source=dsp2
2020-09-14,17,IV,https://sansad.in/getFile/dms/fetch/32cf8eba-6bcb-41c1-a358-cedf2e71324b?source=dsp2
2020-03-23,17,III,https://sansad.in/getFile/dms/fetch/c0dfff43-9c16-4ab5-bb99-0ac85ae20692?source=dsp2
2020-03-20,17,III,https://sansad.in/getFile/dms/fetch/3cfd9fd4-767d-47b4-8dac-fc435f4044c1?source=dsp2
2020-03-19,17,III,https://sansad.in/getFile/dms/fetch/5fe77670-deff-4cfe-a953-af87a4919145?source=dsp2
2020-03-18,17,III,https://sansad.in/getFile/dms/fetch/12bb2dc0-4e5b-4ba1-a971-169c78f113ff?source=dsp2
2020-03-17,17,III,https://sansad.in/getFile/dms/fetch/d60b5777-56ec-4e76-b959-e496646684ea?source=dsp2
2020-03-16,17,III,https://sansad.in/getFile/dms/fetch/75579051-d5ba-4a8a-b542-c63c4a336195?source=dsp2
2020-03-13,17,III,https://sansad.in/getFile/dms/fetch/26542844-10e5-4045-bec2-3c41d59288f1?source=dsp2
2020-03-12,17,III,https://sansad.in/getFile/dms/fetch/e44cad18-ab10-4261-b607-d85e5aa55402?source=dsp2
2020-03-11,17,III,https://sansad.in/getFile/dms/fetch/0c3c21be-e85e-447b-8c1c-4e007942c13c?source=dsp2
2020-03-06,17,III,https://sansad.in/getFile/dms/fetch/210b56ff-f70c-49b6-beba-acb5c46f65c7?source=dsp2
2020-03-05,17,III,https://sansad.in/getFile/dms/fetch/29122d90-b2f0-4bd9-ab5a-487b2d7095fc?source=dsp2
2020-03-04,17,III,https://sansad.in/getFile/dms/fetch/bdf2bfa6-84cc-4039-9881-370ff62965a6?source=dsp2
2020-03-03,17,III,https://sansad.in/getFile/dms/fetch/f6f4365a-2749-4a9b-9481-93237507849a?source=dsp2
2020-03-02,17,III,https://sansad.in/getFile/dms/fetch/ba1f1de0-ab5f-41f2-9409-54335dd2866e?source=dsp2
2020-02-11,17,III,https://sansad.in/getFile/dms/fetch/6866de51-a8d8-417c-ab09-0f5a80fdde2e?source=dsp2
2020-02-10,17,III,https://sansad.in/getFile/dms/fetch/be841907-a926-4f25-80be-e1879daaf1b8?source=dsp2
2020-02-07,17,III,https://sansad.in/getFile/dms/fetch/cab51141-867e-4e6f-a53d-6274560f81a9?source=dsp2
2020-02-06,17,III,https://sansad.in/getFile/dms/fetch/48f9a070-c9d6-46dd-a9bb-50b2d70b79f0?source=dsp2
2020-02-05,17,III,https://sansad.in/getFile/dms/fetch/1aa8fdf6-a85e-40bb-bbac-e7772761a66f?source=dsp2
2020-02-04,17,III,https://sansad.in/getFile/dms/fetch/d6c861c8-04d1-4780-8cad-d47b6215b7c4?source=dsp2
2020-02-03,17,III,https://sansad.in/getFile/dms/fetch/605e9fdf-a549-41d0-af84-91a8470d14e4?source=dsp2
2020-02-01,17,III,https://sansad.in/getFile/dms/fetch/3a7c4832-515d-425a-a757-4cb64beda635?source=dsp2
2020-01-31,17,III,https://sansad.in/getFile/dms/fetch/6a669675-ec75-40c4-855e-f277dde284f0?source=dsp2
2019-12-13,17,II,https://sansad.in/getFile/dms/fetch/729d2246-2355-4ffa-a740-dcb18e28ea29?source=dsp2
2019-12-12,17,II,https://sansad.in/getFile/dms/fetch/3d68431d-7c4d-42ce-a1d0-ab2feaba257f?source=dsp2
2019-12-11,17,II,https://sansad.in/getFile/dms/fetch/aa7c2019-1119-425c-96b6-19ba2973e805?source=dsp2
2019-12-10,17,II,https://sansad.in/getFile/dms/fetch/7d0496c3-37bb-4d19-a65c-13a30bc24571?source=dsp2
2019-12-09,17,II,https://sansad.in/getFile/dms/fetch/66542a24-65be-41ee-88ca-7e1ff005653b?source=dsp2
2019-12-06,17,II,https://sansad.in/getFile/dms/fetch/d2ef3b3d-09a4-4118-9cde-929cc5ba0553?source=dsp2
2019-12-05,17,II,https://sansad.in/getFile/dms/fetch/c2357ff7-e1a7-49f7-ada3-680520c98e11?source=dsp2
2019-12-04,17,II,https://sansad.in/getFile/dms/fetch/8d3d06e8-c3bd-4d26-8d31-ee065d12d885?source=dsp2
2019-12-03,17,II,https://sansad.in/getFile/dms/fetch/0e729432-b8d5-4f16-9d92-bd12d2ea2d51?source=dsp2
2019-12-02,17,II,https://sansad.in/getFile/dms/fetch/ea8a85f3-e700-47d2-b62a-21ae2f269dce?source=dsp2
2019-11-29,17,II,https://sansad.in/getFile/dms/fetch/4d727d1d-dbff-464e-bf75-9149eadc0b69?source=dsp2
2019-11-28,17,II,https://sansad.in/getFile/dms/fetch/a1997877-b4fe-4a5f-8898-57faf34cd5ec?source=dsp2
2019-11-27,17,II,https://sansad.in/getFile/dms/fetch/78371d08-f6be-4dc7-b56f-0081ccbf48b0?source=dsp2
2019-11-26,17,II,https://sansad.in/getFile/dms/fetch/29121d6a-dbf1-43f1-b023-8c9a907f438d?source=dsp2
2019-11-25,17,II,https://sansad.in/getFile/dms/fetch/91f79745-b78f-41e1-aa9d-01d55ca41b96?source=dsp2
2019-11-22,17,II,https://sansad.in/getFile/dms/fetch/9cfce8b4-b003-4b76-b744-ae8641a0238b?source=dsp2
2019-11-21,17,II,https://sansad.in/getFile/dms/fetch/a97157f3-e7cb-4a17-8c90-7672bd4eb523?source=dsp2
2019-11-20,17,II,https://sansad.in/getFile/dms/fetch/ccad42eb-e2ae-47f8-b97e-55e6079fbf7f?source=dsp2
2019-11-19,17,II,https://sansad.in/getFile/dms/fetch/1830a33d-26f2-46fc-a97c-3918f8d013c7?source=dsp2
2019-11-18,17,II,https://sansad.in/getFile/dms/fetch/3d73788a-22ba-42bd-9484-25c8fabb6407?source=dsp2
2019-08-06,17,I,https://sansad.in/getFile/dms/fetch/c2a1bc3c-9fcc-4609-8d5f-896842abbe17?source=dsp2
2019-08-05,17,I,https://sansad.in/getFile/dms/fetch/b8603774-18bd-4036-bea1-0987b288508a?source=dsp2
2019-08-02,17,I,https://sansad.in/getFile/dms/fetch/746f2689-98ae-421e-9deb-a38fd60a3bff?source=dsp2
2019-08-01,17,I,https://sansad.in/getFile/dms/fetch/0b957410-454e-4d38-9542-9497ec33a9e4?source=dsp2
2019-07-31,17,I,https://sansad.in/getFile/dms/fetch/3d8c83b7-4405-4214-8d79-ef84618116a2?source=dsp2
2019-07-30,17,I,https://sansad.in/getFile/dms/fetch/13a04b35-158e-4a16-a48c-aaf605e26a2c?source=dsp2
2019-07-29,17,I,https://sansad.in/getFile/dms/fetch/c171665a-b0c7-4426-92aa-ceb25cdf88e9?source=dsp2
2019-07-26,17,I,https://sansad.in/getFile/dms/fetch/efde8b89-3c42-48f3-b5d8-141b8f66e67e?source=dsp2
2019-07-25,17,I,https://sansad.in/getFile/dms/fetch/2244d0d1-be61-40e6-b5da-ec40e0c77979?source=dsp2
2019-07-24,17,I,https://sansad.in/getFile/dms/fetch/1046b6fb-9da6-4b91-98f8-fe2224e33159?source=dsp2
2019-07-23,17,I,https://sansad.in/getFile/dms/fetch/9ed85b1f-d1e7-4b7c-9640-3b6b6c75e367?source=dsp2
2019-07-22,17,I,https://sansad.in/getFile/dms/fetch/6724db66-05c1-4b4b-8431-8ceeaa025f11?source=dsp2
2019-07-19,17,I,https://sansad.in/getFile/dms/fetch/a303e818-8d4c-4ca2-bd6f-b108c767251b?source=dsp2
2019-07-18,17,I,https://sansad.in/getFile/dms/fetch/cbba31a3-fe79-413e-9777-c1ee1c91ea2c?source=dsp2
2019-07-17,17,I,https://sansad.in/getFile/dms/fetch/ca06b978-1c3c-4155-a4d8-b2abcfa46fa7?source=dsp2
2019-07-16,17,I,https://sansad.in/getFile/dms/fetch/21002aa1-592c-4e02-897b-d5a2f02fb71c?source=dsp2
2019-07-15,17,I,https://sansad.in/getFile/dms/fetch/999d8d70-06eb-43e5-872b-e8a3151cda5d?source=dsp2
2019-07-12,17,I,https://sansad.in/getFile/dms/fetch/497fed5f-1723-4713-acca-545ac96b6101?source=dsp2
2019-07-11,17,I,https://sansad.in/getFile/dms/fetch/79731b6c-f133-4f45-864a-71c4c98de9f4?source=dsp2
2019-07-10,17,I,https://sansad.in/getFile/dms/fetch/cb18ffe7-81c3-425a-af9d-98d4432a309b?source=dsp2
2019-07-09,17,I,https://sansad.in/getFile/dms/fetch/34eb5fa9-4cbf-4809-9806-cc6fe40bf01c?source=dsp2
2019-07-08,17,I,https://sansad.in/getFile/dms/fetch/23f2554a-a444-4d53-b125-3fd289b9c55d?source=dsp2
2019-07-05,17,I,https://sansad.in/getFile/dms/fetch/adad8e12-0005-453b-ab09-16b4a82ee824?source=dsp2
2019-07-04,17,I,https://sansad.in/getFile/dms/fetch/00167be4-b1b8-42ed-8187-d383ec719dbb?source=dsp2
2019-07-03,17,I,https://sansad.in/getFile/dms/fetch/315c7d63-a532-43da-b708-b0313821c02c?source=dsp2
2019-07-02,17,I,https://sansad.in/getFile/dms/fetch/81377583-9263-4eee-b4ed-72cd24da12ae?source=dsp2
2019-07-01,17,I,https://sansad.in/getFile/dms/fetch/5df4c991-f354-4408-b62b-88090b98c997?source=dsp2
2019-06-28,17,I,https://sansad.in/getFile/dms/fetch/7b13abf8-39e3-4230-b68b-1ac13f7a8d84?source=dsp2
2019-06-27,17,I,https://sansad.in/getFile/dms/fetch/421a397a-2fd4-4d83-86bb-0fa572e5b489?source=dsp2
2019-06-26,17,I,https://sansad.in/getFile/dms/fetch/c84775e3-951d-43a8-b54f-43198fc4432e?source=dsp2
2019-06-25,17,I,https://sansad.in/getFile/dms/fetch/1443ff4a-4b02-456d-a5ca-d4c3800aa229?source=dsp2
2019-06-24,17,I,https://sansad.in/getFile/dms/fetch/c26ce08d-bb29-4b28-8ea3-e32c9bbcc66a?source=dsp2
2019-06-21,17,I,https://sansad.in/getFile/dms/fetch/ab2f34f1-9af8-402d-8f08-fdd2310ab021?source=dsp2
2019-06-20,17,I,https://sansad.in/getFile/dms/fetch/4c2a211f-7352-440e-96da-de7fe495dfc2?source=dsp2
2019-06-19,17,I,https://sansad.in/getFile/dms/fetch/81e84849-187f-4154-b652-e072d73045fd?source=dsp2
2019-06-18,17,I,https://sansad.in/getFile/dms/fetch/ef9a56d7-0c7e-4f9c-8979-ba756a6e0f51?source=dsp2
2019-06-17,17,I,https://sansad.in/getFile/dms/fetch/ae56bb4b-c629-402b-87a1-5a5798de015d?source=dsp2
2019-02-13,16,XVII,https://sansad.in/getFile/dms/fetch/fb2111cd-af19-411c-b2bf-cbb93f96729e?source=dsp2
2019-02-12,16,XVII,https://sansad.in/getFile/dms/fetch/48eb0a63-69d3-46b6-b213-d9fd0063c1d6?source=dsp2
2019-02-11,16,XVII,https://sansad.in/getFile/dms/fetch/257d1ebb-8327-4f27-9b76-1c909af0c130?source=dsp2
2019-02-08,16,XVII,https://sansad.in/getFile/dms/fetch/0e22064e-bfbd-4a6c-a2fe-deee894fc28b?source=dsp2
2019-02-07,16,XVII,https://sansad.in/getFile/dms/fetch/ec7cdb49-2ee5-4721-b14d-59c71915e4f6?source=dsp2
2019-02-06,16,XVII,https://sansad.in/getFile/dms/fetch/6b00581c-b792-4255-981c-38b797bbec57?source=dsp2
2019-02-05,16,XVII,https://sansad.in/getFile/dms/fetch/4f8f5e75-a07f-4ad8-aad4-f500d8801b5d?source=dsp2
2019-02-04,16,XVII,https://sansad.in/getFile/dms/fetch/963b272c-bc38-49ed-b6d0-5bc3de4694f8?source=dsp2
2019-02-01,16,XVII,https://sansad.in/getFile/dms/fetch/030a5f0a-b6e3-49bc-8d93-1df0657bf134?source=dsp2
2019-01-31,16,XVII,https://sansad.in/getFile/dms/fetch/646bde4f-bfd3-4edf-b3cb-99931cd0aaba?source=dsp2
2019-01-08,16,XVI,https://sansad.in/getFile/dms/fetch/5d583586-b5de-4c27-9e19-c68a0be90b20?source=dsp2
2019-01-07,16,XVI,https://sansad.in/getFile/dms/fetch/43687239-0ff1-4f2f-8589-b919b7e31ab5?source=dsp2
2019-01-04,16,XVI,https://sansad.in/getFile/dms/fetch/d2c7d2ec-a484-48e9-a3da-d836328aab86?source=dsp2
2019-01-03,16,XVI,https://sansad.in/getFile/dms/fetch/26dbcc9a-7a33-4296-a5aa-11a1b78b099a?source=dsp2
2019-01-02,16,XVI,https://sansad.in/getFile/dms/fetch/495716b2-9684-43fd-a040-2c706d9748fc?source=dsp2
2019-01-01,16,XVI,
